Location,Distance,Duration
"WAWA, 983 - 656 OLD BRIDGE TPKE - SOUTH RIVER - 08882",0 mi,0 mins
Speedway - 3479 - 232 ROUTE 18 - EAST BRUNSWICK - 08816,0.5 mi,3 mins
CVS - 10047 - 380 ROUTE 18 - EAST BRUNSWICK - 08816,1.9 mi,6 mins
"LUKOIL, 344 NJ-18, East Brunswick, NJ 08816",0.2 mi,1 min
Shop Rite - 585 - IC - 1422 W PROSPECT AVE  EAST BRUNSWICK - 08816,0.4 mi,2 mins
WALGREENS - 19396 - 231 PROSPECT ST SOUTH RIVER - 08882,0.4 mi,2 mins
CRESTWOOD LIQUOR B - 260 OLD BRIDGE TPKE - SOUTH RIVER - 08882,1.1 mi,3 mins
KRAUSZERS - EAST BRUN - 191 OLD BRIDGE TPK - EAST BRUNSWICK - 08816,0.2 mi,1 min
STOP & SHOP - 2809 - 647 STATE ROUTE 18 S EAST BRUNSWICK - 08816,0.7 mi,3 mins
7-11 - 35886 - NEXXUS - 772 ROUTE 18 NORTH EAST BRUNSWICK - 08816,1.4 mi,4 mins
BARNES & NOBLE - 2924 - 753 RT 18 - SQUARE #318 - EAST BRUNSWICK - 08816,0.5 mi,2 mins
7-11 - 10951 - NEXXUS - SUMMERHILL RD 286 EAST BRUNSWICK - 08816,1.4 mi,4 mins
VILLAGE - DELI - 1591 MAIN STREET - EAST BRUNSWICK - 08816,1.6 mi,4 mins
7-11 - 34699 - NEXXUS - 111 MAIN ST - EAST BRUNSWICK - 08816,0.5 mi,2 mins
7-11 - 10950 - NEXXUS - 120 OLD STAGE RD EAST BRUNSWICK - 08816,0.9 mi,2 mins
Shop Rite - 106 - IC - 65 OLDSTAGE RD SUMM SPOTSWOOD - 08884,0.2 mi,2 mins
EASY - MART - 100 SUMMERHILL RD SU SPOTSWOOD - 08884,0.8 mi,3 mins
WALGREENS - 19762 - 15 SUMMERHILL RD SPOTSWOOD - 08884,0.3 mi,2 mins
MONROE CORNER DELI - 14 TAYLOR AV &MONMTH - SPOTSWOOD - 08884,1.2 mi,4 mins
THE BROWN BAG MINI - 297 SPTSWDENGLSHTWN - SPOTSWOOD - 08884,1.4 mi,4 mins
MILK N STUFF - 400 SPOTSWOOD ENGLIS SPOTSWOOD - 08884,2.7 mi,7 mins
JERSEY - PRIDE FOOD - 16 SNOWHILL ST SPOTSWOOD - 08884,1.7 mi,4 mins
HELMETTA FOODS INC - 2 OLD FORGE RD H ELMETTA - 08828 ,1.6 mi,3 mins
SUNOCO - 7704 - NEXXU - 939 CRANBURY/SOUTH R - JAMESBURG - 08831,4.1 mi,9 mins
WAWA- 986 - 885 CRANBURY SOUTH JAMESBURG - 08831,0.4 mi,2 mins
614 Cranbury RD East Brunswick NJ 8816,3.4 mi,8 mins
CVS - 2815 - 330 RUES LANE -E BRUNSWICK- 08816,1.0 mi,3 mins
7-11 - 39688 - NEXXUS - 314 RUES LANE - EAST BRUNSWICK - 08816,0.1 mi,1 min
WAWA - 914 - 426 RYDERS LN - EAST BRUNSWICK - 08816,1.8 mi,5 mins
2916 ACME - 300 RYDER LANE MILLTOWN - 08850,3.6 mi,8 mins
QUICK MART - PHARM - 100 RYDERS LANE MILLTOWN - 08850,1.1 mi,3 mins
MILLTOWN CONVENIEN - 152 S MAIN ST MILLTOWN - 08850,1.1 mi,3 mins
Speedway - 3447 - 19 MAIN ST - MILLTOWN -08850,0.3 mi,1 min
MIKES - COUNTRY MAR - 200 RIVA AVE MILLTOWN - 08850,0.8 mi,2 mins
RS FOOD MART - DE - 219 RIVAAVE MILLTOWN - 08850,0.9 mi,3 mins
KRAUSZERS 1825 RTE 130 STH & W NORTH BRUNSWICK - 08902,3.8 mi,7 mins
KRAUSZERS Food Store 1886  RT 130 - NORTH BRUNSWICK - 08902,0.4 mi,2 mins
Shop Rite- 544-IC-400 RENAISSANCE BLVD- NORTH BRUNSWICK-08902,1.3 mi,3 mins
WALGREENS - 10440 - 2703 ROUTE 130 NORTH BRUNSWICK - 08902,0.2 mi,1 min
ROUTE 130 DELI - 2740 RT 130 - NORTH BRUNSWICK - 08902,1.2 mi,4 mins
651 Ridge RD Monomouth Junction 8852,5.8 mi,10 mins
PIERRE S DELI - 582 GEORGES RD MONMOUTH JUNCTION - 08852,2.1 mi,5 mins
WAWA- 476 - 350 GEORGES RD - DAYTON- 08810,1.6 mi,4 mins
347 Georges RD Dayton NJ 8810,0.8 mi,3 mins
QUICK CHECK - 127 - 2432 ROUTE 130 - DAYTON -08810,6.7 mi,10 mins
"United States Postal Service, 65 N Main St, Cranbury, NJ 08512",1.8 mi,4 mins
SALS - ROMA DELI 11 - 1 ROSSMORE DR MONROE TOWNSHIP - 08831,4.2 mi,8 mins
WELSH FARMS - JAMESB - 234 GATZMER AVENUE - JAMESBURG - 08831,1.9 mi,5 mins
7-11 - 15560 - NEXXUS - 171 BUCKALEW AVE JAMESBURG - 08831,1.0 mi,3 mins
JAMESBURG - DELI - 155 GATZMER AVE&FORS - JAMESBURG - 08831,0.6 mi,2 mins
QUICK CHEK - #161 - 239 FORSGATE DR MONROE TOWNSHIP - 08831,0.1 mi,1 min
CVS - 5128 - 238 FORSGATE DR - JAMESBURG - 08831,0.1 mi,1 min
STOP & SHOP - 810 - 1600 PERRINEVILLE RD JAMESBURG - 08831,2.2 mi,5 mins
1601 Perrineville RD Monzoe 08831,0.2 mi,2 mins
WALGREENS - 17743 - 314 APPLEGARTH RD MONROE TOWNSHIP - 08831,2.1 mi,5 mins
CVS - 7238 - 306 APPLEGRATH ROAD JAMESBURG - 08831,0.1 mi,2 mins
WAWA- 365 - 337 APPLEGARTH RD JAMESBURG - 08831,0.6 mi,3 mins
999 Hidden Lake Drive North Brunswick NJ 08902,13.5 mi,25 mins
